<?xml version="1.0" encoding="UTF-8"?>
<project-private xmlns="http://www.netbeans.org/ns/project-private/1">
    <editor-bookmarks xmlns="http://www.netbeans.org/ns/editor-bookmarks/2" lastBookmarkId="0"/>
    <open-files xmlns="http://www.netbeans.org/ns/projectui-open-files/2">
        <group>
            <file>file:/C:/Users/Lucia/Desktop/Cosas%20de%20Lucy%20del%20PC/Netbeansejerciciosjava/ElMundoTech/src/test/MundoPC.java</file>
            <file>file:/C:/Users/Lucia/Desktop/Cosas%20de%20Lucy%20del%20PC/Netbeansejerciciosjava/ElMundoTech/src/com/gm/mundopc/Raton.java</file>
            <file>file:/C:/Users/Lucia/Desktop/Cosas%20de%20Lucy%20del%20PC/Netbeansejerciciosjava/ElMundoTech/src/com/gm/mundopc/Teclado.java</file>
            <file>file:/C:/Users/Lucia/Desktop/Cosas%20de%20Lucy%20del%20PC/Netbeansejerciciosjava/ElMundoTech/src/com/gm/mundopc/Monitor.java</file>
            <file>file:/C:/Users/Lucia/Desktop/Cosas%20de%20Lucy%20del%20PC/Netbeansejerciciosjava/ElMundoTech/src/com/gm/mundopc/Computadora.java</file>
            <file>file:/C:/Users/Lucia/Desktop/Cosas%20de%20Lucy%20del%20PC/Netbeansejerciciosjava/ElMundoTech/src/com/gm/mundopc/DispositivoEntrada.java</file>
            <file>file:/C:/Users/Lucia/Desktop/Cosas%20de%20Lucy%20del%20PC/Netbeansejerciciosjava/ElMundoTech/src/com/gm/mundopc/Orden.java</file>
        </group>
    </open-files>
</project-private>
