<?xml version="1.0" encoding="UTF-8"?>
<project-private xmlns="http://www.netbeans.org/ns/project-private/1">
    <editor-bookmarks xmlns="http://www.netbeans.org/ns/editor-bookmarks/2" lastBookmarkId="0"/>
    <open-files xmlns="http://www.netbeans.org/ns/projectui-open-files/2">
        <group>
            <file>file:/C:/Users/Lucia/Desktop/Cosas%20de%20Lucy%20del%20PC/Netbeansejerciciosjava/CuentasBancariasUT07/src/CCuentaCorriente.java</file>
            <file>file:/C:/Users/Lucia/Desktop/Cosas%20de%20Lucy%20del%20PC/Netbeansejerciciosjava/CuentasBancariasUT07/src/CCuentaAhorro.java</file>
            <file>file:/C:/Users/Lucia/Desktop/Cosas%20de%20Lucy%20del%20PC/Netbeansejerciciosjava/CuentasBancariasUT07/src/CCuentaCorrienteConIn.java</file>
            <file>file:/C:/Users/Lucia/Desktop/Cosas%20de%20Lucy%20del%20PC/Netbeansejerciciosjava/CuentasBancariasUT07/src/CCuenta.java</file>
            <file>file:/C:/Users/Lucia/Desktop/Cosas%20de%20Lucy%20del%20PC/Netbeansejerciciosjava/CuentasBancariasUT07/src/EcuacionSegGrado.java</file>
            <file>file:/C:/Users/Lucia/Desktop/Cosas%20de%20Lucy%20del%20PC/Netbeansejerciciosjava/CuentasBancariasUT07/src/TestCCuenta.java</file>
        </group>
    </open-files>
</project-private>
